{"cameraMode":{"drawMode":0,"name":"Shaded","section":"Shading Mode"},"sceneLighting":true,"audioPlay":false,"sceneViewState":{"m_AlwaysRefresh":false,"showFog":false,"showSkybox":true,"showFlares":true,"showImageEffects":true,"showParticleSystems":true,"showVisualEffectGraphs":true,"m_FxEnabled":true},"in2DMode":false,"pivot":{"x":103.4197998046875,"y":3.4060091972351076,"z":174.36630249023438},"rotation":{"x":0.17202985286712647,"y":-0.6988030076026917,"z":0.18008050322532655,"w":0.6706464290618897},"size":3.569840431213379,"orthographic":false}