{"cameraMode":{"drawMode":0,"name":"Shaded","section":"Shading Mode"},"sceneLighting":false,"audioPlay":false,"sceneViewState":{"m_AlwaysRefresh":false,"showFog":true,"showSkybox":false,"showFlares":true,"showImageEffects":true,"showParticleSystems":true,"showVisualEffectGraphs":true,"m_FxEnabled":true},"in2DMode":false,"pivot":{"x":-0.6987419128417969,"y":11.429313659667969,"z":-4.748306751251221},"rotation":{"x":0.10657106339931488,"y":0.6075146198272705,"z":-0.08270413428544998,"w":0.7827744483947754},"size":16.717947006225587,"orthographic":false}