{"cameraMode":{"drawMode":0,"name":"Shaded","section":"Shading Mode"},"sceneLighting":false,"audioPlay":false,"sceneViewState":{"m_AlwaysRefresh":false,"showFog":true,"showSkybox":false,"showFlares":true,"showImageEffects":true,"showParticleSystems":true,"showVisualEffectGraphs":true,"m_FxEnabled":true},"in2DMode":false,"pivot":{"x":347.9988708496094,"y":123.56634521484375,"z":328.58013916015627},"rotation":{"x":0.19354282319545747,"y":0.2938789129257202,"z":-0.060884103178977969,"w":0.9340696334838867},"size":3.8241026401519777,"orthographic":false}